Set ID,Number,Name,Rarity
swsh1,1,Celebi V,Rare Holo V
swsh1,3,Roselia,Common
swsh1,2,Roselia,Common
swsh1,5,Cottonee,Common
swsh1,4,Roserade,Rare
swsh1,6,Whimsicott,Rare
swsh1,8,Durant,Rare
swsh1,7,Maractus,Common
swsh1,11,Grookey,Common
swsh1,9,Dhelmise V,Rare Holo V
swsh1,10,Grookey,Common
swsh1,12,Thwackey,Uncommon
swsh1,15,Rillaboom,Rare
swsh1,16,Blipbug,Common
swsh1,14,Rillaboom,Rare Holo
swsh1,13,Thwackey,Uncommon
swsh1,17,Blipbug,Common
swsh1,18,Dottler,Uncommon
swsh1,19,Orbeetle,Rare
swsh1,21,Eldegoss,Uncommon
swsh1,22,Vulpix,Common
swsh1,20,Gossifleur,Common
swsh1,23,Ninetales,Rare
swsh1,24,Torkoal V,Rare Holo V
swsh1,26,Heatmor,Uncommon
swsh1,27,Salandit,Common
swsh1,25,Victini V,Rare Holo V
swsh1,28,Salazzle,Uncommon
swsh1,29,Turtonator,Rare
swsh1,30,Scorbunny,Common
swsh1,32,Raboot,Uncommon
swsh1,31,Scorbunny,Common
swsh1,33,Raboot,Uncommon
swsh1,34,Cinderace,Rare Holo
swsh1,35,Cinderace,Rare Holo
swsh1,37,Sizzlipede,Common
swsh1,36,Cinderace,Rare
swsh1,38,Sizzlipede,Common
swsh1,39,Centiskorch,Rare
swsh1,40,Shellder,Common
swsh1,41,Cloyster,Rare
swsh1,43,Krabby,Common
swsh1,42,Krabby,Common
swsh1,45,Goldeen,Common
swsh1,44,Kingler,Uncommon
swsh1,47,Seaking,Uncommon
swsh1,46,Goldeen,Common
swsh1,48,Lapras,Rare
swsh1,51,Qwilfish,Uncommon
swsh1,50,Lapras VMAX,Rare Holo VMAX
swsh1,49,Lapras V,Rare Holo V
swsh1,54,Sobble,Common
swsh1,53,Keldeo V,Rare Holo V
swsh1,55,Sobble,Common
swsh1,52,Mantine,Uncommon
swsh1,56,Drizzile,Uncommon
swsh1,57,Drizzile,Uncommon
swsh1,58,Inteleon,Rare Holo
swsh1,59,Inteleon,Rare
swsh1,60,Chewtle,Common
swsh1,61,Drednaw,Rare
swsh1,64,Frosmoth,Rare Holo
swsh1,62,Cramorant,Rare
swsh1,63,Snom,Common
swsh1,65,Pikachu,Common
swsh1,66,Raichu,Rare
swsh1,67,Chinchou,Common
swsh1,68,Chinchou,Common
swsh1,70,Joltik,Common
swsh1,69,Lanturn,Rare
swsh1,72,Tapu Koko V,Rare Holo V
swsh1,71,Galvantula,Uncommon
swsh1,73,Yamper,Common
swsh1,74,Yamper,Common
swsh1,75,Boltund,Rare Holo
swsh1,76,Boltund,Rare Holo
swsh1,77,Pincurchin,Common
swsh1,78,Morpeko,Rare
swsh1,79,Morpeko V,Rare Holo V
swsh1,81,Galarian Ponyta,Common
swsh1,80,Morpeko VMAX,Rare Holo VMAX
swsh1,82,Galarian Rapidash,Rare
swsh1,83,Gastly,Common
swsh1,84,Haunter,Uncommon
swsh1,86,Wobbuffet V,Rare Holo V
swsh1,85,Gengar,Rare Holo
swsh1,87,Munna,Common
swsh1,91,Indeedee V,Rare Holo V
swsh1,90,Polteageist,Rare
swsh1,88,Musharna,Rare
swsh1,89,Sinistea,Common
swsh1,92,Diglett,Common
swsh1,93,Dugtrio,Uncommon
swsh1,97,Rhyhorn,Common
swsh1,98,Rhydon,Uncommon
swsh1,94,Hitmonlee,Uncommon
swsh1,95,Hitmonchan,Uncommon
swsh1,96,Rhyhorn,Common
swsh1,99,Rhyperior,Rare Holo
swsh1,100,Sudowoodo,Uncommon
swsh1,103,Claydol,Rare
swsh1,102,Baltoy,Common
swsh1,101,Baltoy,Common
swsh1,104,Regirock V,Rare Holo V
swsh1,105,Mudbray,Common
swsh1,106,Mudsdale,Rare
swsh1,107,Silicobra,Common
swsh1,108,Silicobra,Common
swsh1,109,Sandaconda,Rare
swsh1,111,Clobbopus,Common
swsh1,110,Sandaconda,Rare Holo
swsh1,112,Clobbopus,Common
swsh1,114,Stonjourner,Rare
swsh1,113,Grapploct,Rare
swsh1,115,Stonjourner V,Rare Holo V
swsh1,117,Galarian Zigzagoon,Common
swsh1,116,Stonjourner VMAX,Rare Holo VMAX
swsh1,118,Galarian Linoone,Uncommon
swsh1,119,Galarian Obstagoon,Rare Holo
swsh1,120,Sableye V,Rare Holo V
swsh1,123,Croagunk,Common
swsh1,124,Toxicroak,Rare Holo
swsh1,121,Skorupi,Common
swsh1,122,Drapion,Rare
swsh1,129,Mawile,Common
swsh1,131,Ferrothorn,Uncommon
swsh1,130,Ferroseed,Common
swsh1,125,Nickit,Common
swsh1,128,Galarian Perrserker,Rare Holo
swsh1,126,Thievul,Rare
swsh1,127,Galarian Meowth,Common
swsh1,133,Pawniard,Common
swsh1,135,Corviknight,Rare
swsh1,137,Copperajah,Rare Holo
swsh1,136,Cufant,Common
swsh1,148,Oranguru,Rare Holo
swsh1,134,Bisharp,Uncommon
swsh1,140,Snorlax,Rare
swsh1,144,Noctowl,Rare
swsh1,145,Minccino,Common
swsh1,139,Zamazenta V,Rare Holo V
swsh1,143,Hoothoot,Common
swsh1,147,Cinccino,Rare
swsh1,146,Minccino,Common
swsh1,153,Wooloo,Common
swsh1,132,Galarian Stunfisk,Uncommon
swsh1,138,Zacian V,Rare Holo V
swsh1,141,Snorlax V,Rare Holo V
swsh1,142,Snorlax VMAX,Rare Holo VMAX
swsh1,150,Rookidee,Common
swsh1,152,Wooloo,Common
swsh1,149,Drampa,Rare
swsh1,151,Corvisquire,Uncommon
swsh1,154,Dubwool,Uncommon
swsh1,157,Bede,Uncommon
swsh1,155,Cramorant V,Rare Holo V
swsh1,156,Air Balloon,Uncommon
swsh1,158,Big Charm,Uncommon
swsh1,159,Crushing Hammer,Uncommon
swsh1,160,Energy Retrieval,Uncommon
swsh1,162,Energy Switch,Uncommon
swsh1,164,Great Ball,Uncommon
swsh1,169,Marnie,Rare Holo
swsh1,179,Quick Ball,Uncommon
swsh1,180,Rare Candy,Uncommon
swsh1,172,Pal Pad,Uncommon
swsh1,173,Poké Kid,Uncommon
swsh1,187,Dhelmise V,Rare Ultra
swsh1,175,Pokémon Catcher,Uncommon
swsh1,178,Professor's Research (Professor Magnolia),Rare Holo
swsh1,181,Rotom Bike,Uncommon
swsh1,182,Sitrus Berry,Uncommon
swsh1,183,Switch,Uncommon
swsh1,184,Team Yell Grunt,Uncommon
swsh1,163,Evolution Incense,Uncommon
swsh1,165,Hop,Uncommon
swsh1,167,Lucky Egg,Uncommon
swsh1,161,Energy Search,Uncommon
swsh1,166,Hyper Potion,Uncommon
swsh1,168,Lum Berry,Uncommon
swsh1,171,Ordinary Rod,Uncommon
swsh1,186,Aurora Energy,Uncommon
swsh1,170,Metal Saucer,Uncommon
swsh1,174,Pokégear 3.0,Uncommon
swsh1,176,Pokémon Center Lady,Uncommon
swsh1,177,Potion,Uncommon
swsh1,185,Vitality Band,Uncommon
swsh1,191,Wobbuffet V,Rare Ultra
swsh1,194,Sableye V,Rare Ultra
swsh1,202,Team Yell Grunt,Rare Ultra
swsh1,204,Morpeko VMAX,Rare Rainbow
swsh1,206,Snorlax VMAX,Rare Rainbow
swsh1,211,Zacian V,Rare Secret
swsh1,214,Metal Saucer,Rare Secret
swsh1,215,Ordinary Rod,Rare Secret
swsh1,188,Torkoal V,Rare Ultra
swsh1,190,Morpeko V,Rare Ultra
swsh1,195,Zacian V,Rare Ultra
swsh1,199,Bede,Rare Ultra
swsh1,201,Professor's Research (Professor Magnolia),Rare Ultra
swsh1,203,Lapras VMAX,Rare Rainbow
swsh1,208,Marnie,Rare Rainbow
swsh1,209,Professor's Research (Professor Magnolia),Rare Rainbow
swsh1,212,Zamazenta V,Rare Secret
swsh1,189,Lapras V,Rare Ultra
swsh1,192,Indeedee V,Rare Ultra
swsh1,193,Stonjourner V,Rare Ultra
swsh1,198,Cramorant V,Rare Ultra
swsh1,200,Marnie,Rare Ultra
swsh1,210,Team Yell Grunt,Rare Rainbow
swsh1,196,Zamazenta V,Rare Ultra
swsh1,197,Snorlax V,Rare Ultra
swsh1,205,Stonjourner VMAX,Rare Rainbow
swsh1,207,Bede,Rare Rainbow
swsh1,213,Air Balloon,Rare Secret
swsh1,216,Quick Ball,Rare Secret
swsh2,1,Caterpie,Common
swsh2,2,Metapod,Uncommon
swsh2,3,Butterfree,Rare
swsh2,4,Scyther,Common
swsh2,5,Shuckle,Uncommon
swsh2,6,Heracross,Uncommon
swsh2,7,Lotad,Common
swsh2,9,Ludicolo,Rare
swsh2,8,Lombre,Uncommon
swsh2,10,Surskit,Common
swsh2,11,Masquerain,Uncommon
swsh2,12,Snover,Common
swsh2,13,Abomasnow,Rare
swsh2,14,Phantump,Common
swsh2,18,Rillaboom VMAX,Rare Holo VMAX
swsh2,17,Rillaboom V,Rare Holo V
swsh2,15,Trevenant,Rare
swsh2,16,Grubbin,Common
swsh2,20,Applin,Common
swsh2,19,Eldegoss V,Rare Holo V
swsh2,21,Applin,Common
swsh2,22,Flapple,Rare Holo
swsh2,23,Appletun,Rare Holo
swsh2,25,Ninetales,Rare
swsh2,26,Ninetales V,Rare Holo V
swsh2,28,Arcanine,Rare
swsh2,24,Vulpix,Common
swsh2,27,Growlithe,Common
swsh2,31,Litwick,Common
swsh2,29,Magmar,Common
swsh2,30,Magmortar,Rare
swsh2,34,Heatmor,Uncommon
swsh2,32,Lampent,Uncommon
swsh2,33,Chandelure,Rare Holo
swsh2,36,Cinderace VMAX,Rare Holo VMAX
swsh2,35,Cinderace V,Rare Holo V
swsh2,38,Galarian Mr. Rime,Rare
swsh2,37,Galarian Mr. Mime,Common
swsh2,39,Magikarp,Common
swsh2,42,Pelipper,Uncommon
swsh2,41,Wingull,Common
swsh2,40,Gyarados,Rare Holo
swsh2,44,Tympole,Common
swsh2,43,Milotic V,Rare Holo V
swsh2,45,Palpitoad,Uncommon
swsh2,48,Galarian Darmanitan,Rare
swsh2,49,Inteleon V,Rare Holo V
swsh2,50,Inteleon VMAX,Rare Holo VMAX
swsh2,51,Cramorant,Rare
swsh2,47,Galarian Darumaka,Common
swsh2,46,Seismitoad,Rare
swsh2,54,Eiscue,Rare Holo
swsh2,53,Barraskewda,Rare
swsh2,55,Eiscue V,Rare Holo V
swsh2,52,Arrokuda,Common
swsh2,56,Voltorb,Common
swsh2,57,Electrode,Uncommon
swsh2,58,Electabuzz,Common
swsh2,60,Shinx,Common
swsh2,62,Luxray,Rare Holo
swsh2,61,Luxio,Uncommon
swsh2,59,Electivire,Rare
swsh2,65,Charjabug,Uncommon
swsh2,66,Vikavolt,Rare Holo
swsh2,63,Helioptile,Common
swsh2,64,Heliolisk,Uncommon
swsh2,68,Toxel,Common
swsh2,67,Boltund V,Rare Holo V
swsh2,69,Toxtricity,Rare
swsh2,70,Toxtricity V,Rare Holo V
swsh2,71,Toxtricity VMAX,Rare Holo VMAX
swsh2,73,Morpeko,Uncommon
swsh2,72,Pincurchin V,Rare Holo V
swsh2,74,Clefairy,Common
swsh2,75,Clefable,Rare Holo
swsh2,76,Natu,Common
swsh2,77,Xatu,Uncommon
swsh2,78,Galarian Corsola,Common
swsh2,79,Galarian Cursola,Rare Holo
swsh2,80,Sigilyph,Rare
swsh2,81,Sandygast,Common
swsh2,82,Palossand,Uncommon
swsh2,84,Hattrem,Uncommon
swsh2,86,Milcery,Common
swsh2,83,Hatenna,Common
swsh2,85,Hatterene,Rare Holo
swsh2,87,Alcremie,Rare
swsh2,88,Indeedee,Uncommon
swsh2,91,Dragapult,Rare Holo
swsh2,92,Dragapult V,Rare Holo V
swsh2,93,Dragapult VMAX,Rare Holo VMAX
swsh2,97,Meditite,Common
swsh2,96,Nosepass,Common
swsh2,90,Drakloak,Uncommon
swsh2,89,Dreepy,Common
swsh2,94,Galarian Farfetch'd,Common
swsh2,95,Galarian Sirfetch'd,Rare Holo
swsh2,100,Whiscash,Rare
swsh2,98,Medicham,Uncommon
swsh2,99,Barboach,Common
swsh2,101,Galarian Yamask,Common
swsh2,102,Galarian Runerigus,Rare
swsh2,103,Binacle,Common
swsh2,104,Barbaracle,Rare
swsh2,105,Rolycoly,Common
swsh2,106,Carkol,Uncommon
swsh2,108,Sandaconda V,Rare Holo V
swsh2,109,Falinks,Uncommon
swsh2,107,Coalossal,Rare Holo
swsh2,110,Falinks V,Rare Holo V
swsh2,111,Stonjourner,Rare Holo
swsh2,112,Koffing,Common
swsh2,116,Spiritomb,Rare
swsh2,113,Galarian Weezing,Rare Holo
swsh2,114,Stunky,Common
swsh2,115,Skuntank,Uncommon
swsh2,121,Malamar V,Rare Holo V
swsh2,119,Vullaby,Common
swsh2,120,Mandibuzz,Rare
swsh2,122,Malamar VMAX,Rare Holo VMAX
swsh2,117,Trubbish,Common
swsh2,118,Garbodor,Rare
swsh2,125,Grimmsnarl,Rare Holo
swsh2,123,Impidimp,Common
swsh2,124,Morgrem,Uncommon
swsh2,126,Galarian Meowth,Common
swsh2,130,Bronzong,Uncommon
swsh2,132,Durant,Uncommon
swsh2,131,Probopass,Rare
swsh2,127,Galarian Perrserker,Rare
swsh2,128,Scizor,Rare
swsh2,129,Bronzor,Common
swsh2,139,Zacian,Rare
swsh2,134,Doublade,Uncommon
swsh2,136,Copperajah V,Rare Holo V
swsh2,141,Snorlax,Rare
swsh2,147,Diggersby,Rare
swsh2,135,Aegislash,Rare
swsh2,137,Copperajah VMAX,Rare Holo VMAX
swsh2,144,Tranquill,Uncommon
swsh2,149,Stufful,Common
swsh2,142,Chatot,Uncommon
swsh2,143,Pidove,Common
swsh2,145,Unfezant,Rare
swsh2,146,Bunnelby,Common
swsh2,152,Greedent,Rare
swsh2,155,Burning Scarf,Uncommon
swsh2,156,Capacious Bucket,Uncommon
swsh2,151,Skwovet,Common
swsh2,133,Honedge,Common
swsh2,138,Duraludon,Rare Holo
swsh2,140,Zamazenta,Rare
swsh2,148,Hawlucha,Uncommon
swsh2,150,Bewear,Uncommon
swsh2,153,Dubwool V,Rare Holo V
swsh2,154,Boss's Orders,Rare Holo
swsh2,157,Cursed Shovel,Uncommon
swsh2,159,Full Heal,Uncommon
swsh2,162,Nugget,Uncommon
swsh2,158,Dan,Uncommon
swsh2,160,Galar Mine,Uncommon
swsh2,161,Milo,Uncommon
swsh2,163,Oleana,Uncommon
swsh2,164,Poké Ball,Uncommon
swsh2,165,Scoop Up Net,Uncommon
swsh2,176,Eldegoss V,Rare Ultra
swsh2,175,Rillaboom V,Rare Ultra
swsh2,183,Dragapult V,Rare Ultra
swsh2,193,Rillaboom VMAX,Rare Rainbow
swsh2,194,Cinderace VMAX,Rare Rainbow
swsh2,169,Training Court,Uncommon
swsh2,170,Turffield Stadium,Uncommon
swsh2,172,Horror Psychic Energy,Uncommon
swsh2,173,Speed Lightning Energy,Uncommon
swsh2,166,Skyla,Uncommon
swsh2,167,Sonia,Uncommon
swsh2,168,Tool Scrapper,Uncommon
swsh2,171,Capture Energy,Uncommon
swsh2,174,Twin Energy,Uncommon
swsh2,177,Ninetales V,Rare Ultra
swsh2,181,Boltund V,Rare Ultra
swsh2,182,Toxtricity V,Rare Ultra
swsh2,184,Sandaconda V,Rare Ultra
swsh2,188,Dubwool V,Rare Ultra
swsh2,189,Boss's Orders,Rare Ultra
swsh2,195,Inteleon VMAX,Rare Rainbow
swsh2,178,Cinderace V,Rare Ultra
swsh2,179,Milotic V,Rare Ultra
swsh2,180,Inteleon V,Rare Ultra
swsh2,185,Falinks V,Rare Ultra
swsh2,186,Malamar V,Rare Ultra
swsh2,187,Copperajah V,Rare Ultra
swsh2,190,Milo,Rare Ultra
swsh2,191,Oleana,Rare Ultra
swsh2,192,Sonia,Rare Ultra
swsh2,200,Boss's Orders,Rare Rainbow
swsh2,201,Milo,Rare Rainbow
swsh2,205,Galarian Perrserker,Rare Secret
swsh2,208,Tool Scrapper,Rare Secret
swsh2,198,Malamar VMAX,Rare Rainbow
swsh2,204,Frosmoth,Rare Secret
swsh2,196,Toxtricity VMAX,Rare Rainbow
swsh2,199,Copperajah VMAX,Rare Rainbow
swsh2,202,Oleana,Rare Rainbow
swsh2,203,Sonia,Rare Rainbow
swsh2,207,Scoop Up Net,Rare Secret
swsh2,209,Twin Energy,Rare Secret
swsh2,197,Dragapult VMAX,Rare Rainbow
swsh2,206,Big Charm,Rare Secret
swsh3,1,Butterfree V,Rare Holo V
swsh3,2,Butterfree VMAX,Rare Holo VMAX
swsh3,3,Paras,Common
swsh3,4,Parasect,Uncommon
swsh3,5,Carnivine,Uncommon
swsh3,6,Pansage,Common
swsh3,7,Simisage,Uncommon
swsh3,8,Karrablast,Common
swsh3,9,Shelmet,Common
swsh3,10,Accelgor,Rare
swsh3,11,Rowlet,Common
swsh3,12,Dartrix,Uncommon
swsh3,13,Decidueye,Rare Holo
swsh3,14,Bounsweet,Common
swsh3,15,Steenee,Uncommon
swsh3,16,Tsareena,Rare
swsh3,17,Wimpod,Common
swsh3,20,Charizard VMAX,Rare Holo VMAX
swsh3,19,Charizard V,Rare Holo V
swsh3,21,Houndoom V,Rare Holo V
swsh3,18,Golisopod,Rare Holo
swsh3,23,Combusken,Uncommon
swsh3,22,Torchic,Common
swsh3,24,Blaziken,Rare Holo
swsh3,27,Simisear,Uncommon
swsh3,29,Larvesta,Common
swsh3,30,Volcarona,Rare
swsh3,26,Pansear,Common
swsh3,25,Heatran,Rare Holo
swsh3,28,Galarian Darmanitan,Rare
swsh3,31,Fletchinder,Uncommon
swsh3,32,Talonflame,Rare
swsh3,33,Centiskorch V,Rare Holo V
swsh3,35,Galarian Mr. Mime,Common
swsh3,34,Centiskorch VMAX,Rare Holo VMAX
swsh3,36,Galarian Mr. Rime,Rare
swsh3,37,Suicune,Rare Holo
swsh3,38,Feebas,Common
swsh3,39,Milotic,Rare Holo
swsh3,40,Relicanth,Uncommon
swsh3,41,Panpour,Common
swsh3,42,Simipour,Uncommon
swsh3,43,Galarian Darumaka,Common
swsh3,44,Galarian Darmanitan,Rare
swsh3,47,Vanilluxe,Rare
swsh3,48,Cubchoo,Common
swsh3,50,Wishiwashi,Common
swsh3,45,Vanillite,Common
swsh3,46,Vanillish,Uncommon
swsh3,49,Beartic,Rare
swsh3,54,Arctovish,Rare
swsh3,52,Toxapex,Uncommon
swsh3,53,Dracovish,Rare Holo
swsh3,51,Mareanie,Common
swsh3,55,Mareep,Common
swsh3,56,Flaaffy,Uncommon
swsh3,57,Ampharos,Rare
swsh3,58,Electrike,Common
swsh3,60,Vikavolt V,Rare Holo V
swsh3,59,Manectric,Rare
swsh3,63,Toxtricity,Rare Holo
swsh3,61,Tapu Koko,Rare Holo
swsh3,62,Toxel,Common
swsh3,64,Pincurchin,Rare Holo
swsh3,65,Dracozolt,Rare
swsh3,66,Arctozolt,Rare Holo
swsh3,67,Jigglypuff,Common
swsh3,68,Wigglytuff,Rare
swsh3,69,Mew V,Rare Holo V
swsh3,70,Snubbull,Common
swsh3,72,Lunatone,Uncommon
swsh3,71,Granbull,Rare
swsh3,73,Gothita,Common
swsh3,74,Gothorita,Uncommon
swsh3,75,Gothitelle,Rare
swsh3,76,Golett,Common
swsh3,77,Golurk,Rare
swsh3,78,Dedenne,Uncommon
swsh3,79,Morelull,Common
swsh3,80,Shiinotic,Uncommon
swsh3,83,Polteageist,Uncommon
swsh3,81,Mimikyu,Rare
swsh3,82,Sinistea,Common
swsh3,84,Diglett,Common
swsh3,85,Dugtrio,Uncommon
swsh3,86,Larvitar,Common
swsh3,88,Tyranitar,Rare Holo
swsh3,90,Vibrava,Uncommon
swsh3,91,Flygon,Rare
swsh3,87,Pupitar,Uncommon
swsh3,89,Trapinch,Common
swsh3,92,Solrock,Uncommon
swsh3,93,Hippopotas,Common
swsh3,96,Diggersby,Rare
swsh3,94,Hippowdon,Rare
swsh3,95,Rhyperior V,Rare Holo V
swsh3,98,Galarian Sirfetch'd,Rare
swsh3,97,Passimian,Common
swsh3,99,Galarian Slowbro V,Rare Holo V
swsh3,100,Grimer,Common
swsh3,101,Muk,Rare
swsh3,102,Spinarak,Common
swsh3,103,Ariados,Uncommon
swsh3,104,Crobat V,Rare Holo V
swsh3,105,Darkrai,Rare Holo
swsh3,107,Liepard,Rare
swsh3,106,Purrloin,Common
swsh3,109,Zweilous,Uncommon
swsh3,108,Deino,Common
swsh3,111,Hoopa,Rare Holo
swsh3,110,Hydreigon,Rare
swsh3,112,Nickit,Common
swsh3,113,Thievul,Rare
swsh3,114,Grimmsnarl V,Rare Holo V
swsh3,115,Grimmsnarl VMAX,Rare Holo VMAX
swsh3,116,Eternatus V,Rare Holo V
swsh3,117,Eternatus VMAX,Rare Holo VMAX
swsh3,118,Scizor V,Rare Holo V
swsh3,119,Scizor VMAX,Rare Holo VMAX
swsh3,121,Aron,Common
swsh3,120,Skarmory,Common
swsh3,126,Klang,Uncommon
swsh3,124,Escavalier,Rare
swsh3,131,Cufant,Common
swsh3,132,Copperajah,Rare Holo
swsh3,137,Dunsparce,Common
swsh3,125,Klink,Common
swsh3,127,Klinklang,Rare
swsh3,129,Meltan,Common
swsh3,134,Tauros,Common
swsh3,136,Furret,Uncommon
swsh3,133,Kangaskhan,Rare Holo
swsh3,122,Lairon,Uncommon
swsh3,123,Aggron,Rare Holo
swsh3,128,Galarian Stunfisk V,Rare Holo V
swsh3,130,Melmetal,Rare
swsh3,135,Sentret,Common
swsh3,138,Teddiursa,Common
swsh3,139,Ursaring,Uncommon
swsh3,140,Lugia,Rare
swsh3,141,Skitty,Common
swsh3,143,Salamence V,Rare Holo V
swsh3,145,Starly,Common
swsh3,142,Delcatty,Rare
swsh3,144,Salamence VMAX,Rare Holo VMAX
swsh3,149,Swanna,Rare
swsh3,150,Bunnelby,Common
swsh3,146,Staravia,Uncommon
swsh3,147,Staraptor,Rare
swsh3,148,Ducklett,Common
swsh3,156,Corviknight,Rare Holo
swsh3,163,Kabu,Uncommon
swsh3,161,Familiar Bell,Uncommon
swsh3,162,Glimwood Tangle,Uncommon
swsh3,166,Pokémon Breeder's Nurturing,Uncommon
swsh3,172,Turbo Patch,Uncommon
swsh3,175,Hiding Darkness Energy,Uncommon
swsh3,178,Houndoom V,Rare Ultra
swsh3,167,Rare Fossil,Uncommon
swsh3,176,Powerful Colorless Energy,Uncommon
swsh3,177,Butterfree V,Rare Ultra
swsh3,151,Fletchling,Common
swsh3,152,Skwovet,Common
swsh3,153,Greedent,Rare
swsh3,154,Rookidee,Common
swsh3,159,Bird Keeper,Uncommon
swsh3,160,Cape of Toughness,Uncommon
swsh3,155,Corvisquire,Uncommon
swsh3,157,Big Parasol,Uncommon
swsh3,158,Billowing Smoke,Uncommon
swsh3,164,Old PC,Uncommon
swsh3,165,Piers,Uncommon
swsh3,168,Rose,Uncommon
swsh3,170,Spikemuth,Uncommon
swsh3,173,Yell Horn,Uncommon
swsh3,179,Centiskorch V,Rare Ultra
swsh3,169,Rose Tower,Uncommon
swsh3,171,Struggle Gloves,Uncommon
swsh3,174,Heat Fire Energy,Uncommon
swsh3,193,Scizor VMAX,Rare Rainbow
swsh3,194,Salamence VMAX,Rare Rainbow
swsh3,199,Big Parasol,Rare Secret
swsh3,181,Rhyperior V,Rare Ultra
swsh3,182,Crobat V,Rare Ultra
swsh3,189,Rose,Rare Ultra
swsh3,184,Galarian Stunfisk V,Rare Ultra
swsh3,185,Salamence V,Rare Ultra
swsh3,187,Piers,Rare Ultra
swsh3,188,Pokémon Breeder's Nurturing,Rare Ultra
swsh3,190,Butterfree VMAX,Rare Rainbow
swsh3,191,Centiskorch VMAX,Rare Rainbow
swsh3,192,Eternatus VMAX,Rare Rainbow
swsh3,195,Pokémon Breeder's Nurturing,Rare Rainbow
swsh3,198,Coalossal,Rare Secret
swsh3,180,Vikavolt V,Rare Ultra
swsh3,183,Scizor V,Rare Ultra
swsh3,186,Kabu,Rare Ultra
swsh3,196,Rose,Rare Rainbow
swsh3,197,Rillaboom,Rare Secret
swsh3,200,Turbo Patch,Rare Secret
swsh3,201,Capture Energy,Rare Secret
swsh4,2,Kakuna,Uncommon
swsh4,1,Weedle,Common
swsh4,3,Beedrill,Rare
swsh4,4,Exeggcute,Common
swsh4,5,Exeggutor,Rare
swsh4,6,Yanma,Common
swsh4,7,Yanmega,Rare
swsh4,8,Pineco,Common
swsh4,9,Celebi,Amazing Rare
swsh4,10,Seedot,Common
swsh4,11,Nuzleaf,Uncommon
swsh4,12,Shiftry,Rare
swsh4,14,Ninjask,Rare
swsh4,13,Nincada,Common
swsh4,16,Genesect,Rare Holo
swsh4,15,Shaymin,Rare Holo
swsh4,20,Orbeetle V,Rare Holo V
swsh4,18,Gogoat,Uncommon
swsh4,17,Skiddo,Common
swsh4,19,Dhelmise,Uncommon
swsh4,21,Orbeetle VMAX,Rare Holo VMAX
swsh4,22,Zarude V,Rare Holo V
swsh4,26,Flareon,Rare
swsh4,23,Charmander,Common
swsh4,25,Charizard,Rare
swsh4,24,Charmeleon,Uncommon
swsh4,29,Talonflame V,Rare Holo V
swsh4,31,Wailmer,Common
swsh4,27,Slugma,Common
swsh4,28,Magcargo,Uncommon
swsh4,30,Vaporeon,Rare
swsh4,32,Wailord,Rare Holo
swsh4,33,Oshawott,Common
swsh4,34,Dewott,Uncommon
swsh4,36,Galarian Darmanitan V,Rare Holo V
swsh4,37,Galarian Darmanitan VMAX,Rare Holo VMAX
swsh4,35,Samurott,Rare
swsh4,38,Chewtle,Common
swsh4,39,Drednaw,Rare
swsh4,40,Cramorant,Uncommon
swsh4,41,Arrokuda,Common
swsh4,42,Barraskewda,Rare
swsh4,43,Pikachu V,Rare Holo V
swsh4,44,Pikachu VMAX,Rare Holo VMAX
swsh4,45,Voltorb,Common
swsh4,46,Electrode,Rare Holo
swsh4,47,Jolteon,Rare
swsh4,48,Zapdos,Rare Holo
swsh4,49,Ampharos V,Rare Holo V
swsh4,50,Raikou,Amazing Rare
swsh4,51,Electrike,Common
swsh4,52,Manectric,Rare
swsh4,56,Galvantula,Uncommon
swsh4,54,Zebstrika,Uncommon
swsh4,53,Blitzle,Common
swsh4,55,Joltik,Common
swsh4,57,Tynamo,Common
swsh4,58,Eelektrik,Uncommon
swsh4,59,Eelektross,Rare
swsh4,60,Zekrom,Rare Holo
swsh4,61,Zeraora,Rare Holo
swsh4,62,Pincurchin,Uncommon
swsh4,63,Clefairy,Common
swsh4,67,Shuppet,Common
swsh4,66,Shedinja,Rare
swsh4,64,Clefable,Rare
swsh4,65,Girafarig,Uncommon
swsh4,69,Duskull,Common
swsh4,70,Dusclops,Uncommon
swsh4,68,Banette,Rare
swsh4,72,Chimecho,Common
swsh4,71,Dusknoir,Rare Holo
swsh4,73,Woobat,Common
swsh4,75,Cottonee,Common
swsh4,74,Swoobat,Uncommon
swsh4,76,Whimsicott,Rare
swsh4,77,Dedenne,Common
swsh4,78,Xerneas,Rare Holo
swsh4,79,Diancie,Rare Holo
swsh4,80,Milcery,Common
swsh4,81,Alcremie,Rare
swsh4,83,Wooper,Common
swsh4,82,Zacian,Amazing Rare
swsh4,86,Phanpy,Common
swsh4,87,Donphan,Rare
swsh4,85,Shuckle,Uncommon
swsh4,84,Quagsire,Rare
swsh4,88,Hitmontop,Uncommon
swsh4,89,Regirock,Rare Holo
swsh4,93,Zygarde,Rare Holo
swsh4,90,Riolu,Common
swsh4,92,Terrakion,Rare
swsh4,95,Lycanroc,Rare
swsh4,96,Mudbray,Common
swsh4,91,Drilbur,Common
swsh4,94,Rockruff,Common
swsh4,100,Clobbopus,Common
swsh4,97,Mudsdale,Rare
swsh4,98,Coalossal V,Rare Holo V
swsh4,99,Coalossal VMAX,Rare Holo VMAX
swsh4,101,Grapploct,Rare
swsh4,102,Zamazenta,Amazing Rare
swsh4,103,Poochyena,Common
swsh4,104,Mightyena,Uncommon
swsh4,105,Sableye,Uncommon
swsh4,106,Drapion V,Rare Holo V
swsh4,107,Sandile,Common
swsh4,109,Krookodile,Rare
swsh4,111,Garbodor,Rare
swsh4,112,Galarian Meowth,Common
swsh4,108,Krokorok,Uncommon
swsh4,110,Trubbish,Common
swsh4,114,Forretress,Rare
swsh4,116,Beldum,Common
swsh4,113,Galarian Perrserker,Rare
swsh4,115,Steelix V,Rare Holo V
swsh4,117,Metang,Uncommon
swsh4,118,Metagross,Rare
swsh4,121,Dialga,Rare Holo
swsh4,119,Jirachi,Amazing Rare
swsh4,120,Lucario,Rare
swsh4,122,Excadrill,Uncommon
swsh4,124,Ferrothorn,Uncommon
swsh4,125,Galarian Stunfisk,Uncommon
swsh4,126,Aegislash V,Rare Holo V
swsh4,127,Aegislash VMAX,Rare Holo VMAX
swsh4,123,Ferroseed,Common
swsh4,133,Taillow,Common
swsh4,139,Chatot,Common
swsh4,142,Tornadus,Rare Holo
swsh4,130,Eevee,Common
swsh4,136,Loudred,Uncommon
swsh4,134,Swellow,Uncommon
swsh4,135,Whismur,Common
swsh4,137,Exploud,Rare
swsh4,140,Togekiss V,Rare Holo V
swsh4,141,Togekiss VMAX,Rare Holo VMAX
swsh4,144,Trumbeak,Uncommon
swsh4,146,Allister,Uncommon
swsh4,147,Bea,Uncommon
swsh4,143,Pikipek,Common
swsh4,128,Magearna,Rare Holo
swsh4,129,Duraludon,Rare Holo
swsh4,131,Snorlax,Rare Holo
swsh4,132,Lugia,Rare Holo
swsh4,138,Rayquaza,Amazing Rare
swsh4,145,Toucannon,Rare
swsh4,148,Beauty,Uncommon
swsh4,149,Cara Liss,Uncommon
swsh4,153,League Staff,Uncommon
swsh4,152,Hero's Medal,Uncommon
swsh4,154,Leon,Rare Holo
swsh4,150,Circhester Bath,Uncommon
swsh4,151,Drone Rotom,Uncommon
swsh4,158,Opal,Uncommon
swsh4,157,Nessa,Uncommon
swsh4,159,Rocky Helmet,Uncommon
swsh4,162,Aromatic Grass Energy,Uncommon
swsh4,160,Telescopic Sight,Uncommon
swsh4,165,Wash Water Energy,Uncommon
swsh4,166,Orbeetle V,Rare Ultra
swsh4,164,Stone Fighting Energy,Uncommon
swsh4,167,Zarude V,Rare Ultra
swsh4,168,Talonflame V,Rare Ultra
swsh4,176,Steelix V,Rare Ultra
swsh4,170,Pikachu V,Rare Ultra
swsh4,182,Leon,Rare Ultra
swsh4,174,Galarian Sirfetch'd V,Rare Ultra
swsh4,178,Togekiss V,Rare Ultra
swsh4,184,Opal,Rare Ultra
swsh4,155,Memory Capsule,Uncommon
swsh4,161,Wyndon Stadium,Uncommon
swsh4,163,Coating Metal Energy,Uncommon
swsh4,156,Moomoo Cheese,Uncommon
swsh4,169,Galarian Darmanitan V,Rare Ultra
swsh4,173,Coalossal V,Rare Ultra
swsh4,175,Drapion V,Rare Ultra
swsh4,177,Aegislash V,Rare Ultra
swsh4,180,Bea,Rare Ultra
swsh4,183,Nessa,Rare Ultra
swsh4,171,Ampharos V,Rare Ultra
swsh4,172,Alakazam V,Rare Ultra
swsh4,179,Allister,Rare Ultra
swsh4,181,Beauty,Rare Ultra
swsh4,186,Orbeetle VMAX,Rare Rainbow
swsh4,188,Pikachu VMAX,Rare Rainbow
swsh4,190,Aegislash VMAX,Rare Rainbow
swsh4,193,Bea,Rare Rainbow
swsh4,197,Opal,Rare Rainbow
swsh4,198,Galarian Obstagoon,Rare Secret
swsh4,199,Oranguru,Rare Secret
swsh4,203,Telescopic Sight,Rare Secret
swsh4,201,Hero's Medal,Rare Secret
swsh4,187,Galarian Darmanitan VMAX,Rare Rainbow
swsh4,202,Memory Capsule,Rare Secret
swsh4,185,Pokémon Center Lady,Rare Ultra
swsh4,189,Coalossal VMAX,Rare Rainbow
swsh4,191,Togekiss VMAX,Rare Rainbow
swsh4,192,Allister,Rare Rainbow
swsh4,194,Beauty,Rare Rainbow
swsh4,195,Leon,Rare Rainbow
swsh4,196,Nessa,Rare Rainbow
swsh4,200,Cape of Toughness,Rare Secret
swsh5,10,Durant,Uncommon
swsh5,11,Scatterbug,Common
swsh5,12,Spewpa,Uncommon
swsh5,14,Fomantis,Common
swsh5,20,Entei,Rare Holo
swsh5,21,Victini V,Rare Holo V
swsh5,23,Tepig,Common
swsh5,26,Heatmor,Uncommon
swsh5,30,Centiskorch,Rare
swsh5,32,Seadra,Uncommon
swsh5,35,Galarian Mr. Rime,Rare
swsh5,37,Octillery,Rare Holo
swsh5,1,Bellsprout,Common
swsh5,40,Empoleon V,Rare Holo V
swsh5,5,Cacturne,Uncommon
swsh5,42,Jellicent,Rare
swsh5,9,Carnivine,Uncommon
swsh5,56,Grumpig,Uncommon
swsh5,22,Victini VMAX,Rare Holo VMAX
swsh5,57,Baltoy,Common
swsh5,25,Emboar,Rare Holo
swsh5,62,Mimikyu V,Rare Holo V
swsh5,27,Salandit,Common
swsh5,70,Marowak,Rare
swsh5,33,Kingdra,Rare Holo
swsh5,71,Gligar,Common
swsh5,38,Corphish,Common
swsh5,72,Gliscor,Uncommon
swsh5,46,Shinx,Common
swsh5,76,Mienfoo,Common
swsh5,48,Luxray,Rare Holo
swsh5,81,Silicobra,Common
swsh5,49,Pachirisu,Common
swsh5,84,Stonjourner,Rare
swsh5,50,Tapu Koko V,Rare Holo V
swsh5,87,Rapid Strike Urshifu V,Rare Holo V
swsh5,52,Yamper,Common
swsh5,60,Espurr,Common
swsh5,67,Primeape,Rare
swsh5,75,Conkeldurr,Rare
swsh5,79,Carkol,Uncommon
swsh5,80,Coalossal,Rare Holo
swsh5,82,Sandaconda,Rare Holo
swsh5,85,Single Strike Urshifu V,Rare Holo V
swsh5,86,Single Strike Urshifu VMAX,Rare Holo VMAX
swsh5,88,Rapid Strike Urshifu VMAX,Rare Holo VMAX
swsh5,3,Victreebel,Rare
swsh5,4,Cacnea,Common
swsh5,13,Vivillon,Rare
swsh5,15,Lurantis,Rare
swsh5,16,Tapu Bulu,Rare Holo
swsh5,17,Blipbug,Common
swsh5,19,Flapple VMAX,Rare Holo VMAX
swsh5,28,Salazzle,Rare
swsh5,34,Galarian Mr. Mime,Common
swsh5,36,Remoraid,Common
swsh5,39,Crawdaunt,Uncommon
swsh5,45,Electivire,Rare
swsh5,47,Luxio,Uncommon
swsh5,53,Boltund,Rare
swsh5,54,Galarian Slowpoke,Common
swsh5,55,Spoink,Common
swsh5,58,Claydol,Rare
swsh5,63,Necrozma V,Rare Holo V
swsh5,64,Dottler,Uncommon
swsh5,65,Orbeetle,Rare Holo
swsh5,66,Mankey,Common
swsh5,68,Onix,Common
swsh5,78,Rolycoly,Common
swsh5,83,Falinks,Rare
swsh5,2,Weepinbell,Uncommon
swsh5,6,Kricketune V,Rare Holo V
swsh5,7,Cherubi,Common
swsh5,8,Cherrim,Rare Holo
swsh5,18,Flapple V,Rare Holo V
swsh5,24,Pignite,Uncommon
swsh5,29,Sizzlipede,Common
swsh5,31,Horsea,Common
swsh5,41,Frillish,Common
swsh5,43,Bruxish,Uncommon
swsh5,44,Electabuzz,Common
swsh5,51,Tapu Koko VMAX,Rare Holo VMAX
swsh5,59,Chimecho,Common
swsh5,61,Meowstic,Rare Holo
swsh5,69,Cubone,Common
swsh5,73,Timburr,Common
swsh5,74,Gurdurr,Uncommon
swsh5,77,Mienshao,Rare
swsh5,90,Golbat,Uncommon
swsh5,92,Galarian Slowbro,Rare
swsh5,96,Houndoom,Rare Holo
swsh5,103,Pawniard,Common
swsh5,109,Corviknight V,Rare Holo V
swsh5,117,Stoutland V,Rare Holo V
swsh5,120,Indeedee,Uncommon
swsh5,121,Bruno,Uncommon
swsh5,122,Camping Gear,Uncommon
swsh5,127,Fan of Waves,Uncommon
swsh5,135,Sordward & Shielbert,Uncommon
swsh5,137,Tower of Darkness,Uncommon
swsh5,138,Tower of Waters,Uncommon
swsh5,139,Urn of Vitality,Uncommon
swsh5,140,Rapid Strike Energy,Uncommon
swsh5,143,Flapple V,Rare Ultra
swsh5,145,Empoleon V,Rare Ultra
swsh5,147,Tapu Koko V,Rare Ultra
swsh5,149,Necrozma V,Rare Ultra
swsh5,151,Single Strike Urshifu V,Rare Ultra
swsh5,152,Rapid Strike Urshifu V,Rare Ultra
swsh5,157,Stoutland V,Rare Ultra
swsh5,159,Cheryl,Rare Ultra
swsh5,172,Bruno,Rare Rainbow
swsh5,175,Phoebe,Rare Rainbow
swsh5,178,Octillery,Rare Secret
swsh5,179,Houndoom,Rare Secret
swsh5,181,Level Ball,Rare Secret
swsh5,91,Crobat,Rare Holo
swsh5,93,Murkrow,Common
swsh5,98,Morpeko,Uncommon
swsh5,100,Mawile,Common
swsh5,101,Bronzor,Common
swsh5,105,Honedge,Common
swsh5,111,Spearow,Common
swsh5,113,Lickitung,Common
swsh5,115,Glameow,Common
swsh5,123,Cheryl,Uncommon
swsh5,126,Exp. Share,Uncommon
swsh5,129,Level Ball,Uncommon
swsh5,133,Single Strike Scroll of Scorn,Uncommon
swsh5,134,Single Strike Style Mustard,Uncommon
swsh5,136,Tool Jammer,Uncommon
swsh5,141,Single Strike Energy,Uncommon
swsh5,144,Victini V,Rare Ultra
swsh5,148,Mimikyu V,Rare Ultra
swsh5,154,Tyranitar V,Rare Ultra
swsh5,155,Tyranitar V,Rare Ultra
swsh5,158,Bruno,Rare Ultra
swsh5,161,Phoebe,Rare Ultra
swsh5,162,Rapid Strike Style Mustard,Rare Ultra
swsh5,163,Single Strike Style Mustard,Rare Ultra
swsh5,170,Rapid Strike Urshifu VMAX,Rare Rainbow
swsh5,169,Rapid Strike Urshifu VMAX,Rare Rainbow
swsh5,171,Corviknight VMAX,Rare Rainbow
swsh5,176,Rapid Strike Style Mustard,Rare Rainbow
swsh5,89,Zubat,Common
swsh5,95,Houndour,Common
swsh5,97,Tyranitar V,Rare Holo V
swsh5,110,Corviknight VMAX,Rare Holo VMAX
swsh5,112,Fearow,Uncommon
swsh5,116,Purugly,Uncommon
swsh5,118,Bouffalant,Uncommon
swsh5,124,Energy Recycler,Uncommon
swsh5,125,Escape Rope,Uncommon
swsh5,128,Korrina's Focus,Uncommon
swsh5,130,Phoebe,Uncommon
swsh5,132,Rapid Strike Style Mustard,Uncommon
swsh5,150,Single Strike Urshifu V,Rare Ultra
swsh5,156,Corviknight V,Rare Ultra
swsh5,160,Korrina's Focus,Rare Ultra
swsh5,173,Cheryl,Rare Rainbow
swsh5,182,Rapid Strike Energy,Rare Secret
swsh5,94,Honchkrow,Uncommon
swsh5,99,Steelix,Rare Holo
swsh5,102,Bronzong,Rare Holo
swsh5,104,Bisharp,Uncommon
swsh5,106,Doublade,Uncommon
swsh5,107,Aegislash,Rare Holo
swsh5,108,Aegislash,Rare
swsh5,114,Lickilicky,Rare
swsh5,119,Drampa,Rare
swsh5,131,Rapid Strike Scroll of Swirls,Uncommon
swsh5,142,Kricketune V,Rare Ultra
swsh5,146,Empoleon V,Rare Ultra
swsh5,153,Rapid Strike Urshifu V,Rare Ultra
swsh5,168,Single Strike Urshifu VMAX,Rare Rainbow
swsh5,164,Flapple VMAX,Rare Rainbow
swsh5,165,Victini VMAX,Rare Rainbow
swsh5,166,Tapu Koko VMAX,Rare Rainbow
swsh5,167,Single Strike Urshifu VMAX,Rare Rainbow
swsh5,174,Korrina's Focus,Rare Rainbow
swsh5,177,Single Strike Style Mustard,Rare Rainbow
swsh5,180,Exp. Share,Rare Secret
swsh5,183,Single Strike Energy,Rare Secret
